정비구역명칭,위도,경도,속성,지번주소
무악연립제2주택재건축정비사업조합,,,재건축,서울특별시 종로구 무악동 71-1
신영제1구역 주택재개발정비사업,37.5999918685,126.9625023488,재개발(주택정비형),서울특별시 종로구 신영동 158-2
도시정비형 재개발사업,,,재개발(주택정비형),서울특별시 종로구 교남동 28-0
돈의문1구역도시환경정비사업조합,,,재개발(도시정비형),서울특별시 종로구 교남동 62-1
내자.필운구역 도시환경정비사업,37.5752404879,126.9714045054,재개발(도시정비형),서울특별시 종로구 내자동 81
사직2구역 도시환경정비사업구역,37.5738078145,126.9662776078,재개발(도시정비형),서울특별시 종로구 사직동 311-10
종로6가 도시환경정비구역,37.5715071358,127.0084082086,재개발(도시정비형),서울특별시 종로구 종로6가 82-1
창신4도시환경정비구역,,,재개발(도시정비형),서울특별시 종로구 창신동 329
돈의문 2구역 도시환경정비구역,37.5679695441,126.9650338797,재개발(도시정비형),서울특별시 종로구 교남동 28
신문로 2-12구역 공공재개발 정비사업,,,재개발(도시정비형),서울특별시 종로구 신문로1가 158-0
숭인동61번지일대 가로주택정비사업,37.5765698023,127.0156961438,가로주택정비,서울특별시 종로구 숭인동 61-103
만리제2주택재개발정비구역,37.5547496354,126.9646150953,재개발(주택정비형),서울특별시 중구 만리동2가 176-1
신당제8구역주택재개발 정비사업,,,재개발(주택정비형),서울특별시 중구 신당4동 321 
신당제9 주택재개발정비구역,,,재개발(주택정비형),서울특별시 중구 신당2동 432-1008
만리제1주택재개발정비사업조합,,,재개발(주택정비형),서울특별시 중구 만리2가 10
신당제11구역주택재개발정비사업조합,,,재개발(주택정비형),서울특별시 중구 신당5동 85 
,37.5604640178,126.9678152923,재개발(주택정비형),서울특별시 중구 중림동   398
,37.5643685726,127.0122335746,재개발(주택정비형),서울특별시 중구 신당동 236-100
,37.5589845284,126.9629348790,재개발(주택정비형),서울특별시 중구 중림동 398-1
마포로 5-10구역 도시환경정비사업,37.5591329650,126.9648408517,재개발(도시정비형),서울특별시 중구 중림동 186-1
한강맨션아파트주택재건축정비사업조합설립추진위원회,,,재건축,서울특별시 용산구 이촌로 248
산호아파트 주택재건축정비사업조합,37.5327972054,126.9509239829,재건축,서울특별시 용산구 원효로4가 118-16
한강삼익아파트 주택재건축정비사업,37.5190291185,126.9761337285,재건축,서울특별시 용산구 이촌동 300-301
한양철우아파트 주택재건축정비사업조합,37.5235719512,126.9687017666,재건축,서울특별시 용산구 한강로3가 65-500
한남연립729번지주택재건축정비사업조합,,,재건축,서울특별시 용산구 한남동 729
왕궁아파트주택재건축정비사업조합,,,재건축,서울특별시 용산구 이촌1동 300-11
후암동제1구역주택재건축정비사업조합설립추진위원회,,,재건축,서울특별시 용산구 두텁바위로 1나길 22
청화아파트 주택재건축 정비사업,37.5304593381,126.9963988940,재건축,서울특별시 용산구 이태원동 22-2
이촌동제1구역 주택재건축정비사업,,,재건축,서울특별시 용산구 이촌동 199 203 206
신동아아파트,37.5190390043,126.9896400560,재건축,서울특별시 용산구 서빙고동 241-21
강변강서아파트 주택재건축정비사업조합,37.5234915997,126.9590405803,재건축,서울특별시 용산구 이촌동 193-3
중산아파트 주택재건축정비사업,37.5297587184,126.9532675190,재건축,서울특별시 용산구 이촌동 211-2
청파제1구역주택재개발정비사업조합설립추진위원회,37.5468332754,126.9687348183,재개발(주택정비형),서울특별시 용산구 청파동2가 11-1
효창5구역 주택재개발정비사업 조합,,,재개발(주택정비형),서울특별시 용산구 효창동 13-2외258
효창제6구역,37.5477466080,126.9622283175,재개발(주택정비형),서울특별시 용산구 효창동 3-250
효창제4구역주택재개발정비사업,,,재개발(주택정비형),서울특별시 용산구 효창동 117-1
한남 제2재정비촉진구역,37.5313023346,126.9971117289,재개발(주택정비형),서울특별시 용산구 보광동 272-3
한남 제3재정비촉진구역,,,재개발(주택정비형),서울특별시 용산구 한남동 686-0
한남 제5재정비촉진구역,,,재개발(주택정비형),서울특별시 용산구 동빙고동 60-0
한남4재정비촉진구역주택재개발정비사업조합설립추진위원회,,,재개발(주택정비형),서울특별시 용산구 보광동 360-0
용산역전면 제3구역,,,재개발(도시정비형),서울특별시 용산구 한강로2가 342
용산역전면 제2구역 도시환경정비사업조합,,,재개발(도시정비형),서울특별시 용산구 한강로2가 391
국제빌딩주변 제4구역 도시환경정비사업조합,37.5269056148,126.9665661722,재개발(도시정비형),서울특별시 용산구 한강로3가   63-70
동자동제도시환경정비4구역,,,재개발(도시정비형),서울특별시 용산구 동자동 36-17
국제빌딩주변 제5구역 도시정비형 재개발사업,37.5261988543,126.9658852239,재개발(도시정비형),서울특별시 용산구 한강로2가 210-1
한강로도시환경정비사업,37.5342167200,126.9741864803,재개발(도시정비형),서울특별시 용산구 한강로1가 158
,37.5054588410,127.1302156387,지역주택,서울특별시 송파구 오금동 36-1
신용산역북측 제1구역 도시환경저비사업,37.5331139325,126.9701412146,재개발(도시정비형),서울특별시 용산구 한강로2가 2-116
신용산역북측 제2도시환경정비사업,37.5310280596,126.9678713976,재개발(도시정비형),서울특별시 용산구 한강로2가 2-194
정비창전면 제3구역 도시정비형 재개발사업,37.5237415501,126.9620441503,재개발(도시정비형),서울특별시 용산구 한강로3가 40-19
정비창전면 제1구역 도시환경정비사업,37.5254560783,126.9629293004,재개발(도시정비형),서울특별시 용산구 한강로3가 40-641
,37.5282491342,126.9642274684,재개발(도시정비형),서울특별시 용산구 한강로3가 40-712
,37.5502991075,126.9685861423,가로주택정비,서울특별시 용산구 서계동 116
한남하이츠아파트 재건축 추진위원회,37.5402350277,127.0117396894,재건축,서울특별시 성동구 옥수동 220-1
응봉1주택재건축정비사업,37.5490882418,127.0314658574,재건축,서울특별시 성동구 응봉동 193-162
성수1구역 주택재건축 정비사업구역,,,재건축,서울특별시 성동구 성수동 656-1267
성수동 장미아파트 주택재건축 정비사업,,,재건축,서울특별시 성동구 성수1가동 656-421
,37.5440494590,127.0489253365,재건축,서울특별시 성동구 성수동1가   22-13
장미아파트주택재건축정비사업,37.5422582467,127.0459470763,재건축,서울특별시 성동구 성수동1가 656-421
금호제15구역 주택재개발정비사업,,,재개발(주택정비형),서울특별시 성동구 금호동1가 280
금호제16재개발정비구역,37.5514246284,127.0181298502,재개발(주택정비형),서울특별시 성동구 금호동2가 501-31
성수전략정비구역 제1지구,37.5399040792,127.0491668948,재개발(주택정비형),서울특별시 성동구 성수동1가 72-10
성수전략정비구역 제2지구 주택재개발정비구역,37.5377619313,127.0527627585,재개발(주택정비형),서울특별시 성동구 성수동2가 506
금호제13구역주택재개발정비사업조합,,,재개발(주택정비형),서울특별시 성동구 금호동2가 200-0
금호제14주택재개발구역,37.5468826236,127.0240727268,재개발(주택정비형),서울특별시 성동구 금호동4가 235
왕십리뉴타운제1구역 주택재개발정비사업조합,,,재개발(주택정비형),서울특별시 성동구 하왕십리동 339-67
성수전략정비구역 제3지구,37.5369435185,127.0570977995,재개발(주택정비형),서울특별시 성동구 성수동2가 572-7
성수전략정비구역 제4지구,37.5362550938,127.0583276061,재개발(주택정비형),서울특별시 성동구 성수동2가 219-4
하왕 제1-5구역주택재개발 정비사업,,,재개발(주택정비형),서울특별시 성동구 하왕십리동 999외 323
금호제20구역 주택재개발정비사업조합,,,재개발(주택정비형),서울특별시 성동구 금호동4가 56-1
옥수제12구역 주택재개발정비사업 구역,,,재개발(주택정비형),서울특별시 성동구 옥수동 500
행당제7구역주택재개발사업,,,재개발(주택정비형),서울특별시 성동구 행당1동 128
금호제14-1구역 주택재개발정비사업조합,37.5470877817,127.0227047929,재개발(주택정비형),서울특별시 성동구 금호동4가 480
옥수 제13주택재개발구역,,,재개발(주택정비형),서울특별시 성동구 옥수동 526-0
성동구금호제17주택재개발구역정비사업,,,재개발(주택정비형),서울특별시 성동구 금호동2가 566
금호제19구역 주택재개발정비구역,,,재개발(주택정비형),서울특별시 성동구 금호동2가 980
용답동 주택재개발정비사업조합,37.5675224033,127.0503597448,재개발(주택정비형),서울특별시 성동구 용답동 108-1
,37.4945123353,127.1442622438,지역주택,서울특별시 송파구 거여동 173-3
금호제18주택재개발구역,,,재개발(주택정비형),서울특별시 성동구 금호동3가 632-0
왕십리뉴타운제3구역 주택재개발사업,,,재개발(주택정비형),서울특별시 성동구 하왕십리동 700
왕십리뉴타운 제2구역 주택재개발정비사업조합,,,재개발(주택정비형),서울특별시 성동구 상왕십리동 12-37
장안평 중고차매매센터 재개발정비구역,,,재개발(도시정비형),서울특별시 성동구 용답동 234-0
자양7구역 주택재건축정비사업,,,재건축,서울특별시 광진구 자양3동 464-40
자양1구역 주택재건축정비사업,,,재건축,서울특별시 광진구 자양4동 236
구의맨션재건축정비사업조합,,,재건축,서울특별시 광진구 구의동 227-3
구의1 주택재건축 정비구역,,,재건축,서울특별시 광진구 구의동 122-2
대영연립 주택재건축 정비사업,,,재건축,서울특별시 광진구 자양동 224-15
자양아파트주택재건축정비구역,37.5324750723,127.0843656641,재건축,서울특별시 광진구 자양동 658-14
중곡아파트 주택재건축정비사업,37.5667790083,127.0784144107,재건축,서울특별시 광진구 중곡동 190-26
중앙연립 주택재건축정비사업,,,재건축,서울특별시 광진구 화양동 35-4
모진연립 주택재건축정비사업,37.5458165898,127.0745117813,재건축,서울특별시 광진구 화양동   499-18
자양4재정비촉진구역도시환경정비사업조합,,,재개발(도시정비형),서울특별시 광진구 자양동778-6
뉴장안연립주택재건축,,,재건축,서울특별시 동대문구 장안동 435-4
장안동연립단지주택재건축정비사업조합,,,재건축,서울특별시 동대문구 장안동 291-1
435대명연립 주택재건축정비사업,,,재건축,서울특별시 동대문구 장안동 435-2
대농?신안 주택재건축정비사업조합,,,재건축,서울특별시 동대문구 답십리동 465
동대문구 장안동 425-1번지 일대 제1종지구단위계획구역(대성연립연합),,,재건축,서울특별시 동대문구 장안동 425-1
장안시영2단지2ㅏ주택재건축,37.5763379008,127.0745726351,재건축,서울특별시 동대문구 장안동 329-2
제기1주택재건축정비사업,37.5790033600,127.0353934358,재건축,서울특별시 동대문구 제기동 892-68
장안동 현대아파트 재건축정비사업,37.5808262705,127.0685130379,재건축,서울특별시 동대문구 장안동 95-1
청량리제6주택재개발정비구역,37.5895837930,127.0435376259,재개발(주택정비형),서울특별시 동대문구 청량리동 205
용두제1구역 주택재개발정비사업조합,,,재개발(주택정비형),서울특별시 동대문구 용두동 80-1
용두5구역 재개발정비구역,,,재개발(주택정비형),서울특별시 동대문구 용두동 253 
답십리제14주택재개발구역,,,재개발(주택정비형),서울특별시 동대문구 답십리동 25-0
신설제1구역 공공재개발 정비사업 주민대표회의,37.5761611881,127.0271799955,재개발(주택정비형),서울특별시 동대문구 신설동 92-5
회기제1구역주택재개발조합,,,재개발(주택정비형),서울특별시 동대문구 회기동 62-34
용두제6구역 주택재개발정비사업조합,37.5800042453,127.0285094650,재개발(주택정비형),서울특별시 동대문구 용두동 753-9
제기제4구역 주택재개발정비사업,37.5852716266,127.0425922308,재개발(주택정비형),서울특별시 동대문구 제기동 288
제기제6주택재개발 정비구역,37.5873609099,127.0392992373,재개발(주택정비형),서울특별시 동대문구 제기동 120-104
청량리 제7구역 주택재개발 정비사업,,,재개발(주택정비형),서울특별시 동대문구 청량리동 199-0
전농 제11주택재개발정비구역,,,재개발(주택정비형),서울특별시 동대문구 전농동 518-0
휘경2재정비촉진구역,,,재개발(주택정비형),서울특별시 동대문구 휘경동 128-12 
이문3(3-1)재정비촉진구역,37.5985242586,127.0635608079,재개발(주택정비형),서울특별시 동대문구 이문동 149-8
이문1재정비촉진구역,37.6000726285,127.0602646633,재개발(주택정비형),서울특별시 동대문구 이문동 257-42
이문4재정비촉진구역,37.5967758722,127.0665278,재개발(주택정비형),서울특별시 동대문구 이문동 86-1
휘경3재정비촉진구역 주택재개발정비사업조합,37.5930030404,127.0626119985,재개발(주택정비형),서울특별시 동대문구 휘경동 172
전농8구역추진위원회,,,재개발(주택정비형),서울특별시 동대문구 전농동 204
답십리제16주택재개발정비구역,,,재개발(주택정비형),서울특별시 동대문구 답십리동 178
답십리18구역주택재개발 정비사업,,,재개발(주택정비형),서울특별시 동대문구 답십리동 98-0
전농제7구역주택재개발정비사업조합,,,재개발(주택정비형),서울특별시 동대문구 전농동 449-9
청량리제8구역 주택재개발정비사업조합,37.5854353415,127.0445330064,재개발(주택정비형),서울특별시 동대문구 청량리동 435
전농12주택재개발정비구역,,,재개발(주택정비형),서울특별시 동대문구 전농동 643
휘경1재정비촉진구역 주택재개발정비사업조합,37.5916037201,127.0629316013,재개발(주택정비형),서울특별시 동대문구 휘경동   243
전농제9구역주택재개발정비사업조합설립 추진위원회,37.5848909856,127.0521726266,재개발(주택정비형),서울특별시 동대문구 전농동 103-87
답십리자동차부품상가 도시정비형 재개발정비사업,,,재개발(주택정비형),서울특별시 동대문구 답십리동 952-0
용두1도시환경정비구역 제5지구,37.5783101412,127.0401607471,재개발(주택정비형),서울특별시 동대문구 용두동 23-1
전농 재정비촉진구역,,,재개발(도시정비형),서울특별시 동대문구 전농동 494
용두제6 도시환경정비사업구역,37.5770578133,127.0372481885,재개발(도시정비형),서울특별시 동대문구 용두동 53-1
용두제7 도시환경정비사업구역,37.5770756308,127.0367438643,재개발(도시정비형),서울특별시 동대문구 용두동 53-6
,37.5784722313,127.0404212130,재개발(도시정비형),서울특별시 동대문구 용두동 14-1
,,,가로주택정비,서울특별시 동대문구 장안동 326
면목6구역주택재건축정비사업조합,,,재건축,서울특별시 중랑구 면목4동 1405
면목제15구역 주택재건축정비사업조합설립추진위원회,37.5847210175,127.0795385706,재건축,서울특별시 중랑구 면목동 172-1
면목5 주택재건축 정비구역,37.5819476796,127.0785832687,재건축,서울특별시 중랑구 면목동 171-7
면목3주택재건축구역,37.5818929536,127.0803759446,재건축,서울특별시 중랑구 면목동 164-10
면목4주택재건축정비사업,37.5860479140,127.0960867022,재건축,서울특별시 중랑구 면목동   55-14
묵1주택재건축정비사업조합,,,재건축,서울특별시 중랑구 묵동 81-17
망우1구역 주택재건축정비사업조합,37.6029136479,127.1062270644,재건축,서울특별시 중랑구 망우동 178-1
중화동 324번지 일대주택재건축사업,,,재건축,서울특별시 중랑구 중화동 324-0
길동한전우성아파트 소규모주택정비사업,,,소규모재건축,서울특별시 강동구 길동 332-0
면목1 주택재건축정비구역,37.5800711747,127.0934306763,재건축,서울특별시 중랑구 면목동 520-19
중화동131-35일대 재건축정비구역,37.6008129707,127.0857560388,재건축,서울특별시 중랑구 중화동 131-35
,,,재건축,서울특별시 중랑구 면목동 134-40
중화1재정비촉진구역,37.6030190092,127.0756641064,재개발(주택정비형),서울특별시 중랑구 중화동 331-1
중화2재정비촉진구역 주택재개발정비사업,37.6002431556,127.0757926549,재개발(주택정비형),서울특별시 중랑구 중화동 329-38
상봉7재정비촉진구역,37.5958568718,127.0903698653,재개발(도시정비형),서울특별시 중랑구 상봉동 88
상봉6재정비촉진구역,,,재개발(도시정비형),서울특별시 중랑구 상봉2동 107-1 
면목우성주택외3필지 가로주택정비사업구역,,,가로주택정비,서울특별시 중랑구 면목동 173-2
세광하니타운가로주택정비사업조합,37.5964061437,127.0790315964,가로주택정비,서울특별시 중랑구 중화동 296-44
,37.5849589487,127.0774016077,가로주택정비,서울특별시 중랑구 면목동 174-74
,,,가로주택정비,서울특별시 중화동 329-38
,,,가로주택정비,서울특별시 중화동 329-30
,,,가로주택정비,서울특별시 중화동 317-45
성오빌라주택재건축정비사업,37.6015622832,127.0083111433,재건축,서울특별시 성북구 정릉동 506-159
안암1구역 주택재건축정비사업,37.5822774263,127.0246217720,재건축,서울특별시 성북구 안암동3가 136-1
길음3재정비촉진구역,,,재건축,서울특별시 성북구 정릉동 192
돈암정릉구역 주택재개발 정비사업,,,재개발(주택정비형),서울특별시 성북구 돈암동 535
정릉제10구역주택재개발정비사업,,,재개발(주택정비형),서울특별시 성북구 정릉동 539-1 
정릉제8구역주택재개발정비사업조합설립추진위원회,37.6081268219,126.9986869432,재개발(주택정비형),서울특별시 성북구 정릉동 895
정릉3구역주택재개발정비사업조합추진위원회,37.6055944582,127.0017995599,재개발(주택정비형),서울특별시 성북구 정릉동   640-17
돈암제5구역주택배개발정비사업조합,,,재개발(주택정비형),서울특별시 성북구 돈암동 13-7 
성북3구역주택재개발정비사업조합,37.5943212175,127.0007508427,재개발(주택정비형),서울특별시 성북구 성북동 3-38
안암제2구역주택재개발정비사업조합,37.5858544921,127.0240268501,재개발(주택정비형),서울특별시 성북구 안암동3가 132-17
보문제3구역주택재개발정비사업조합`,,,재개발(주택정비형),서울특별시 성북구 보문동 6가 207
성북제1구역주택재개발정비사업조합설립추지위원회,,,재개발(주택정비형),서울특별시 성북구 성북1동 179-68
석관제2구역 주택재개발정비구역,,,재개발(주택정비형),서울특별시 성북구 석관동 58-56
석관 제 3구역,,,재개발(주택정비형),서울특별시 성북구 석관동338-540
보문제2구역 주택재개발정비사업 ,,,재개발(주택정비형),서울특별시 성북구 26길 13-9(보문동1가)
보문제5구역 주택재개발정비사업,37.5848422430,127.0205420052,재개발(주택정비형),서울특별시 성북구 보문동1가   196-11
삼선제5주택재개발정비사업,37.5841281164,127.0102604956,재개발(주택정비형),서울특별시 성북구 삼선동2가 296
동소문제2구역 주택재개발정비사업,37.5883689613,127.0071126805,재개발(주택정비형),서울특별시 성북구 동소문동2가 33
종암제6 주택재개발정비구역,,,재개발(주택정비형),서울특별시 성북구 종암동 95-2
동선2구역주택재개발정비사업,,,재개발(주택정비형),서울특별시 성북구 동선동 304-2
정릉길음제9구역,,,재개발(주택정비형),서울특별시 성북구 정릉동 10
길음역세권재정비촉진구역 주택재개발정비사업조합,,,재개발(주택정비형),서울특별시 성북구 길음동 542-1
길음제8구역,,,재개발(주택정비형),서울특별시 성북구 길음동 612-10
길음1재정비촉진구역,37.6090473906,127.0271596922,재개발(주택정비형),서울특별시 성북구 길음동   508-16
장위1구역 주택재개발정비사업,37.6179215325,127.0522533512,재개발(주택정비형),서울특별시 성북구 장위동 144-24
장위7구역주택재개발정비사업,37.6198290722,127.0496133229,재개발(주택정비형),서울특별시 성북구 장위동   189-3
장위14구역 주택재개발정비사업조합,37.6127073930,127.0434371635,재개발(주택정비형),서울특별시 성북구 장위동 233-552
장위제2구역주택재개발정비사업조합,,,재개발(주택정비형),서울특별시 성북구 장위동 290-9 
장위4구역 주택재개발정비사업조합,,,재개발(주택정비형),서울특별시 성북구 장위동 62-1
장위5구역주택재개발정비사업조합,37.6212857858,127.0517190179,재개발(주택정비형),서울특별시 성북구 장위동 173-114
장위3구역주택재개발정비사업조합,37.6218312499,127.0480821707,재개발(주택정비형),서울특별시 성북구 장위동 305
보문제4구역 주택재개발 정비구역,,,재개발(주택정비형),서울특별시 성북구 보문동3가 225 
장위제6구역주택재개발정비사업조합설립추진위원회,37.6158054272,127.0588552059,재개발(주택정비형),서울특별시 성북구 장위동 25-55
길음2재정비촉진구역,,,재개발(주택정비형),서울특별시 성북구 길음동 498
장위10구역주택재개발정비사업,37.6122920112,127.0530199245,재개발(주택정비형),서울특별시 성북구 장위동   68-37
장위15구역 주택재개발정비사업,37.6121445555,127.0482798001,재개발(주택정비형),서울특별시 성북구 장위동 233-42
길음5재정비촉진구역,37.6043043948,127.0158630071,재개발(주택정비형),서울특별시 성북구 정릉동 175
성북제2구역주택재개발정비사업,,,재개발(주택정비형),서울특별시 성북동 226-103
정릉3동 주택재개발 ,37.6141327010,127.0027316586,재개발(주택정비형),서울특별시 성북구 정릉동 757
돈암제6 주택재개발정비구역,37.5992982501,127.0208851460,재개발(주택정비형),서울특별시 성북구 돈암동 48-29
신월곡 제1구역 도시환경정비사업,,,재개발(도시정비형),서울특별시 성북구 하월곡동 88 
신길음1구역 재개발정비사업,37.6119695507,127.0298768064,재개발(도시정비형),서울특별시 성북구 길음동 31-1
장위11-2구역 가로주택정비사업,37.6097232455,127.0508355449,가로주택정비,서울특별시 성북구 장위동 68-833
석관1-3구역 가로주택정비사업,37.6071960327,127.0586633683,가로주택정비,서울특별시 성북구 석관동 261-98
장위13의9구역 가로주택정비사업,37.6144540281,127.0474698791,가로주택정비,서울특별시 성북구 장위동 232-125
장위11-1구역 가로주택정비사업,37.6099339851,127.0497828619,가로주택정비,서울특별시 성북구 장위동 68-435
,37.6112645556,127.0498070799,가로주택정비,서울특별시 성북구 장위동 68-274
장위13의6구역 가로주택정비사업,37.6151703810,127.0473028173,가로주택정비,서울특별시 성북구 장위동 232-41
종암동 개운산마을 가로주택정비사업,37.6015253024,127.0283133848,가로주택정비,서울특별시 성북구 종암동 81-188
,37.6096991806,127.0135351664,가로주택정비,서울특별시 성북구 정릉동 218-1
,37.6007583639,127.0396345718,가로주택정비,서울특별시 성북구 종암동 112-37
장위11-3구역 가로주택정비사업,37.6102834921,127.0544454074,가로주택정비,서울특별시 성북구 장위동 65-107
장위13-4구역 가로주택정비사업,37.6184397525,127.0455839962,가로주택정비,서울특별시 성북구 장위동 219-133
미아9-1구역 주택재건축정비사업,,,재건축,서울특별시 강북구 미아동 3-770 
미아4-1구역주택재건축정비사업,37.6155233002,127.0389110595,재건축,서울특별시 강북구 미아동 8-373
미아4재정비촉진구역,,,재건축,서울특별시 강북구 미아동 1261
,,,재건축,서울특별시 강북구 수유동 170-2
,37.6457208755,127.0136982948,재건축,서울특별시 강북구 수유동 291-224
수유1-1구역주택재건축 조합설립추진위원회,,,재건축,서울특별시 강북구 수유동472-81
미아9-2주택재건축정비구역,37.6192663359,127.0304237619,재건축,서울특별시 강북구 미아동 137-72
미아동3-111번지일대 주택재건축정비구역,37.6207705020,127.0330195667,재건축,서울특별시 강북구 미아동   3-111
,37.6296106308,127.0200140751,재개발(주택정비형),서울특별시 강북구 미아동 791-108
미아10-1 주택재개발정비사업,,,재개발(주택정비형),서울특별시 강북구 미아동 476-0
미아제16구역주택재개발정비사업조합설립추진위원회,,,재개발(주택정비형),서울특별시 강북구 송중동 6749
미아 제3구역 주택재개발,37.6274469642,127.0185922535,재개발(주택정비형),서울특별시 강북구 미아동 791-364
미아2재정비촉진구역,,,재개발(주택정비형),서울특별시 강북구 미아동 403
미아3재정비촉진구역 주택재개발정비사업조합,,,재개발(주택정비형),서울특별시 강북구 미아동 439 
강북3 도시환경정비구역,37.6111269612,127.0322156934,재개발(도시정비형),서울특별시 강북구 미아동 45-32
강북5구역 도시환경정비사업,37.6144839388,127.0295239795,재개발(도시정비형),서울특별시 강북구 미아동 61-79
미아균형발전촉진지구 강북2구역 도시환경정비구역,37.6108854770,127.0309401986,재개발(도시정비형),서울특별시 강북구 미아동 42-8
강북5구역,37.6144839388,127.0295239795,재개발(도시정비형),서울특별시 강북구 미아동 61-79
번동 429-114 일원 가로주택정비사업조합,37.6363001477,127.0369440856,가로주택정비,서울특별시 강북구 번동 429-114
번동2구역 가로주택정비사업,37.6358357880,127.0366291217,가로주택정비,서울특별시 강북구 번동 429-97
번동 3구역 가로주택정비사업,37.6354001084,127.0356259116,가로주택정비,서울특별시 강북구 번동 430-27
번동 5구역 가로주택정비사업,37.6351687507,127.0367509254,가로주택정비,서울특별시 강북구 번동 427-35
번동 4구역 가로주택정비사업,37.6346506617,127.0373957626,가로주택정비,서울특별시 강북구 번동 428-4
미아1구역 가로주택정비사업,37.6256519274,127.0167962096,가로주택정비,서울특별시 강북구 미아동 833-2
성삼연립 주택재건축정비사업,37.6671208350,127.0359212513,재건축,서울특별시 도봉구 방학동 636
프린스연립 주택재건축 정비사업,,,재건축,서울특별시 도봉구 쌍문동 503-29
도봉제2주택재개발구역,,,재개발(주택정비형),서울특별시 도봉구 도봉동 95
쌍문제1구역재개발정비사업조합,,,재개발(주택정비형),서울특별시 도봉구 쌍문동 414
도봉동 625-80번지 일대 가로주택정비사업,37.6752893146,127.0457626003,가로주택정비,서울특별시 도봉구 도봉동 625-80
방학성삼빌라가로주택정비사업,,,가로주택정비,서울특별시 도봉구 방학동 343-0
신창연립가로주택정비사업,37.6397161882,127.0384908636,가로주택정비,서울특별시 도봉구 창동 581-3
태릉현대아파트 주택재건축정비구역,,,재건축,서울특별시 노원구 공릉로 34길 74
월계2(인덕마을) 주택재건축정비구역,,,재건축,서울특별시 노원구 월계2동 633-31
월계동 재건축정비구역,37.6158461033,127.0624554736,재건축,서울특별시 노원구 월계동 487-17
상계8단지재건축정비사업 조합설립추진위원회,,,재건축,서울특별시 노원구 상계10동 677
월계3 주택재건축정비구역,,,재건축,서울특별시 노원구 월계1동 531
월계동 동신아파트 주택재건축정비구역,37.6161515398,127.0607263947,재건축,서울특별시 노원구 월계동 436
공릉동 240-169번지 일대 주택재건축정비구역,,,재건축,서울특별시 노원구 공릉2동 240-169
상계주공5단지 재건축정비사업,,,재건축,서울특별시 노원구 상계동 721-0
,,,재건축,서울특별시 노원구 월계동 100
상계4재정비촉진구역 재개발사업,37.6644080074,127.0749692754,재개발(주택정비형),서울특별시 노원구 상계동 85-33
상계1재정비촉진구역,37.6748237183,127.0823658130,재개발(주택정비형),서울특별시 노원구 상계동 6-42
상계5재정비촉진구역,37.6680904757,127.0783263796,재개발(주택정비형),서울특별시 노원구 상계동 109-43
상계6재정비촉진구역,37.6650742151,127.0775817425,재개발(주택정비형),서울특별시 노원구 상계동 95-3
월계제4 주택재개발정비구역,,,재개발(주택정비형),서울특별시 노원구 월계동 672
상계2재정비촉진구역 주택재개발 정비사업,,,재개발(주택정비형),서울특별시 노원구 상계동 자력2구역 17블럭 1롯트
은평구 신사동 19-190번지 일대 주택재건축 정비구역,,,재건축,서울특별시 은평구 신사동 19-190
역촌1구역 주택재건축정비사업조합,,,재건축,서울특별시 은평구 역촌동189
응암3구역 주택재건축 정비사업,37.5914133588,126.9216611911,재건축,서울특별시 은평구 응암동   626-108
응암동 225-1 주택재건축정비구역,,,재건축,서울특별시 은평구 응암동 225-1
신사1구역 주택재건축정비사업조합,37.5911762283,126.9073159914,재건축,서울특별시 은평구 신사동 170-12
연희빌라주택재건축정비사업,37.6169524997,126.9063289427,재건축,서울특별시 은평구 구산동   307-1
불광1주택재건축정비사업,37.6203909871,126.9325265257,재건축,서울특별시 은평구 불광동 19-3
불광제3구역주택재개발정비사업조합,,,재개발(주택정비형),서울특별시 은평구 불광동 17 
응암제1구역 주택재개발정비사업구역,,,재개발(주택정비형),서울특별시 은평구 응암동 8
불광5주택재개발정비구역,,,재개발(주택정비형),서울특별시 은평구 불광동 238
응암제3주택재개발구역,,,재개발(주택정비형),서울특별시 은평구 응암동 171-0
불광제7구역주택재개발정비구역,,,재개발(주택정비형),서울특별시 은평구 불광동 292
대조제1구역 주택재개발정비사업조합,37.6120533990,126.9233402549,재개발(주택정비형),서울특별시 은평구 대조동 88
녹번제1구역제2지구 주택재개발정비사업조합,,,재개발(주택정비형),서울특별시 은평구 녹번동 19
녹번제1구역3지구 주택재개발정비사업,,,재개발(주택정비형),서울특별시 은평구 녹번동 4
갈현 제1주택재개발 정비사업,,,재개발(주택정비형),서울특별시 은평구 갈현동 300 
응암제11구역주택재개발정비구역,,,재개발(주택정비형),서울특별시 은평구 응암동 455-0
수색4재정비촉진구역,37.5841183384,126.8936177239,재개발(주택정비형),서울특별시 은평구 수색동   361-10
수색9재정비촉진구역주택재개발정비사업조합,,,재개발(주택정비형),서울특별시 은평구 수색동 30 
수색6재정비촉진구역주택재개발정비사업조합,37.5836504510,126.8952860466,재개발(주택정비형),서울특별시 은평구 수색동 115-5
수색 8구역 주택재개발 정비사업조합,37.5836604233,126.8990803539,재개발(주택정비형),서울특별시 은평구 수색동 16-2
수색13재정비촉진구역(주택재개발사업),37.5856449994,126.8928989736,재개발(주택정비형),서울특별시 은평구 수색동 341-6
응암제10주택재개발구역,,,재개발(주택정비형),서울특별시 은평구 응암동 419-0
불광제4주택재개발구역,,,재개발(주택정비형),서울특별시 은평구 불광동 550
응암 제9주택재개발구역,,,재개발(주택정비형),서울특별시 은평구 응암동 663
녹번제1구역제1지구,,,재개발(주택정비형),서울특별시 은평구 녹번동 53
응암제2구역 주택재개발정비사업,,,재개발(주택정비형),서울특별시 은평구 응암동 363753
증산2재정비촉진구역 주택재개발정비사업조합,37.5810063389,126.9027192080,재개발(주택정비형),서울특별시 은평구 증산동   213-20
증산5 재정비 촉진구역 주택 재개발 정비 사업,,,재개발(주택정비형),서울특별시 은평구 증산동 195
수색7재정비촉진구역 주택재개발정비사업조합,37.5847473702,126.8983326690,재개발(주택정비형),서울특별시 은평구 수색동 189
,37.6184694407,126.9251870851,재개발(주택정비형),서울특별시 은평구 불광동 329-13
수색1재정비촉진구역 도시환경정비사업조합,,,재개발(도시정비형),서울특별시 은평구 수색동 311-9
수색11재정비촉진구역,37.5804339676,126.8994928026,재개발(도시정비형),서울특별시 은평구 수색동   32-13
갈현동 이화연립일원 가로주택정비사업,37.6210156693,126.9127754016,가로주택정비,서울특별시 은평구 갈현동 259-7
홍은5주택재건축정비구역,37.5810526995,126.9343574734,재건축,서울특별시 서대문구 홍은동 277-45
홍은제1주택재건축정비사업,,,재건축,서울특별시 서대문구 홍은동 104-4
홍제3구역주택재건축정비사업,37.5846833266,126.9501672730,재건축,서울특별시 서대문구 홍제동 104-41
홍은제6주택재건축정비사업구역,,,재건축,서울특별시 서대문구 홍은동 13-25
북가좌제6구역 주택재건축정비구업,,,재건축,서울특별시 서대문구 북가좌1동 372-1 
연희 제1주택재건축 정비구역,,,재건축,서울특별시 서대문구 연희동 711
남가좌동제1구역주택재건축정비사업조합,37.5780547612,126.9210191623,재건축,서울특별시 서대문구 남가좌동 369-10
홍은동제2주택재건축정비사업조합,37.5859211454,126.9238580480,재건축,서울특별시 서대문구 홍은동   338-5
홍제동 제1주택재건축정비사업,37.5812735937,126.9505825762,재건축,서울특별시 서대문구 홍제동   57-5
홍제2구역 주택재개발정비사업조합,37.5846197691,126.9444326228,재개발(주택정비형),서울특별시 서대문구 홍제동 156
연희제1구역 주택재개발정비사업,,,재개발(주택정비형),서울특별시 서대문구 연희동 533
홍은제13구역 주택재개발정비사업조합,37.6009729482,126.9471736084,재개발(주택정비형),서울특별시 서대문구 홍은동 11-111
가재울7재정비촉진구역 주택재개발정비사업조합설립추진위원회,,,재개발(주택정비형),서울특별시 서대문구 북가좌2동 73-1
홍은제14구역 주택재개발정비사업조합,37.5990017774,126.9446542956,재개발(주택정비형),서울특별시 서대문구 홍은동 19-19
가재울뉴타운5구역주택재개발정비사업조합,37.5757183902,126.9182355663,재개발(주택정비형),서울특별시 서대문구 남가좌동 175
홍은제12주택재개발정비구역,,,재개발(주택정비형),서울특별시 서대문구 홍은동 450
영천 주택재개발 정비사업,37.5712122471,126.9602575925,재개발(주택정비형),서울특별시 서대문구 영천동 69-20
홍제제3주택재개발정비사업,,,재개발(주택정비형),서울특별시 서대문구 홍제동 270
가재울뉴타운6구역주택재개발사업,,,재개발(주택정비형),서울특별시 서대문구 남가좌동352-1
북아현1-1재정비촉진구역 주택재개발사업,37.5620585326,126.9510205821,재개발(주택정비형),서울특별시 서대문구 북아현동 1-954
북아현 1-2 재정비촉진구역 주택재개발 정비사업,,,재개발(주택정비형),서울특별시 서대문구 북아현동 174
북아현1-3재정비촉진구역주택재개발정비사업조합,,,재개발(주택정비형),서울특별시 서대문구 북아현동 149
북아현3 재정비촉진구역 주택재개발 정비사업조합,37.5634217992,126.9579513906,재개발(주택정비형),서울특별시 서대문구 북아현동 3-66
북아현2재정비촉진구역,37.5595784828,126.9594248853,재개발(주택정비형),서울특별시 서대문구 북아현동 520
가재울뉴타운4구역주택재개발정비사업,,,재개발(주택정비형),서울특별시 서대문구 남가좌동 124
가재울뉴타운3구역주택재개발정비구역,,,재개발(주택정비형),서울특별시 서대문구 북가좌동 144
홍제3구역도시환경정비사업 조합설립추진위원회,37.5883009829,126.9442997929,재개발(도시정비형),서울특별시 서대문구 홍제동 306-2
홍제제2구역 도시환경정비사업 조합설립추진위원회,37.5907638117,126.9416198040,재개발(도시정비형),서울특별시 서대문구 홍제동 294-50
미포로5구역제2지구도시환경정비사업,37.5615489476,126.9641077647,재개발(도시정비형),서울특별시 서대문구 충정로3가 250-70
가재울8재정비촉진구역 재개발정비사업,37.5708846523,126.9149321118,재개발(도시정비형),서울특별시 서대문구 남가좌동 289-54
홍은동355번지 일대 가로주택정비사업,,,가로주택정비,서울특별시 서대문구 홍은동 355-0
홍은동277-200번지 일대 가로주택정비사업,37.5795963604,126.9336003589,가로주택정비,서울특별시 서대문구 홍은동 277-200
홍은동322-1일원 가로주택정비사업,37.5855453247,126.9267070645,가로주택정비,서울특별시 서대문구 홍은동 322-1
망원1 주택재건축정비사업,,,재건축,서울특별시 마포구 망원동 458-16
창전1구역 주택재건축 정비구역,,,재건축,서울특별시 마포구 창전동 27-19
신수1구역 주택재건축정비사업,37.5523053265,126.9339954318,재건축,서울특별시 마포구 신수동 93-102
공덕1구역 주택재건축,37.5503038770,126.9578635888,재건축,서울특별시 마포구 공덕동 105-84
서강주택재건축정비사업,,,재건축,서울특별시 마포구 하중동 18-2
아현2구역주택재건축정비사업조합,,,재건축,서울특별시 마포구 아현동 662
신수 2구역 주택재건축 추진위원회,37.5454389460,126.9365315906,재건축,서울특별시 마포구 신수동 255-7
상명삼락주택재건축정비사업,37.5625645558,126.9037434788,재건축,서울특별시 마포구 망원동   472-1
망원동438주택재건축정비사업조합,37.5589972238,126.8991892306,재건축,서울특별시 마포구 망원동 438-46
대흥2구역주택재개발정비사업,,,재개발(주택정비형),서울특별시 마포구 대흥동 12
공덕 제6주택재개발정비구역,,,재개발(주택정비형),서울특별시 마포구 공덕동 119
아현 제3구역 주택재개발정비사업,,,재개발(주택정비형),서울특별시 마포구 아현동 635
염리제2주택재개발구역,37.5502693348,126.9466392863,재개발(주택정비형),서울특별시 마포구 염리동 45
아현1-3구역 주택재개발정비사업,,,재개발(주택정비형),서울특별시 마포구 아현동 85-17
염리5구역 주택재개발정비사업 조합설립추진위원회,,,재개발(주택정비형),서울특별시 마포구 염리동 105  
염리제3 주택재개발정비사업,,,재개발(주택정비형),서울특별시 마포구 염리동 507
아현제4구역주택재개발정비사업조합,,,재개발(주택정비형),서울특별시 마포구 아현동 380
,37.5541741838,126.9417132059,재개발(주택정비형),서울특별시 마포구 노고산동 12-204
마포로1구역 제10지구 도시정비형 재개발사업 ,37.5425568426,126.9473721365,재개발(주택정비형),서울특별시 마포구 도화동 536
마포로3구역 제3지구 도시환경정비구역,37.5527103997,126.9557740357,재개발(도시정비형),서울특별시 마포구 아현동 613-10
마포로6 도시환경정비구역,,,재개발(도시정비형),서울특별시 마포구 공덕동 385 
목제1주택재건축정비사업,,,재건축,서울특별시 양천구 목동 632-1
봉상연립재건축정비사업추진위원회,,,재건축,서울특별시 양천구 신월5동 8-1
양천구 신월4동 주택재건축정비구역,,,재건축,서울특별시 양천구 신월동 432-6
삼미/장미연립주택 재건축정비사업,,,재건축,서울특별시 양천구 신월4동 410-12
신월2구역 주택재건축정비사업 조합설립추진위원회,,,재건축,서울특별시 양천구 신월2동 487-4
목원연립주택재건축,,,재건축,서울특별시 양천구 목4동 803-2
신월4구역 주택재건축 정비사업,37.5231794017,126.8439736254,재건축,서울특별시 양천구 신월동 489-3
신정4재정비촉진구역 주택재건축정비사업,37.5207999267,126.8497970670,재건축,서울특별시 양천구 신정동 1200-1
수정아파트 재건축정비사업,37.5131514595,126.8417650049,재건축,서울특별시 양천구 신정동 733-31
신월신정뉴타운제1구역1지구 주택재개발정비사업조합,,,재개발(주택정비형),서울특별시 양천구 신월6동 551 
신정2재정비촉진구역1지구 주택재개발정비사업조합,37.5204176021,126.8513405684,재개발(주택정비형),서울특별시 양천구 신정동   1175-28
신정2-2지구 재정비촉진구역,37.5164634170,126.8528672969,재개발(주택정비형),서울특별시 양천구 신정동   1150-41
신정제4구역주택재개발정비사업,,,재개발(주택정비형),서울특별시 양천구 신정동 1033-1 
신월1구역,,,재개발(주택정비형),서울특별시 양천구 신월동 159-192
신정재정비촉진지구 제1구역 3지구 주택재개발 정비사업,,,재개발(주택정비형),서울특별시 양천구 신월동 606-0
신정1재정비촉진구역 1-2지구 재정비촉진사업,,,재개발(주택정비형),서울특별시 양천구 신월2동 603-3
신월.신정뉴타운제1구역4지구주택재개발정비사업조합,,,재개발(주택정비형),서울특별시 양천구 신월2동 612-13
,37.5159204045,126.8520393692,재개발(주택정비형),서울특별시 양천구 신정동 1152-1
신정3재정비촉진3-1구역,,,재개발(도시정비형),서울특별시 양천구 신정3동 1190-1
신정3재정비촉진지구2구역 도시환경정비사업,37.5187057472,126.8528913022,재개발(도시정비형),서울특별시 양천구 신정동 1182-1
신안빌라 주택재건축정비사업,37.5711859313,126.8229616240,재건축,서울특별시 강서구 마곡동 327-53
동아연립주택재건축정비사업조합,,,재건축,서울특별시 강서구 염창동 244-18
,37.5425759172,126.8332659794,재건축,서울특별시 강서구 화곡동 1040-24
웅지오성염창주택재건축정비사업조합,,,재건축,서울특별시 강서구 염창동 242-4
태원연립 주택 재건축 정비사업 신축공사,37.5538616797,126.8598550030,재건축,서울특별시 강서구 등촌동 651
덕수연립주택재건축정비사업조합,37.5478977839,126.8768127246,재건축,서울특별시 강서구 염창동 283
긴등마을 주택재건축 아파트 신축공사,,,재건축,서울특별시 강서구 공항동 4-8
등마루아파트재건축정비사업조합,37.5498395999,126.8678811651,재건축,서울특별시 강서구 염창동 275-5
염창1주택재건축정비사업조합,,,재건축,서울특별시 강서구 염창동 277-24 
,,,재건축,서울특별시 강서구 화곡동 812-26
,37.5477905694,126.8329719135,재건축,서울특별시 강서구 내발산동 714-4
무궁화연립주택재건축,,,재건축,서울특별시 강서구 방화동 191-3
등촌1주택재건축정비구역,37.5491382737,126.8596894617,재건축,서울특별시 강서구 등촌동 366-24
세림연립재건축정비사업,,,재건축,서울특별시 강서구 등촌1동 656-35
방화6재정비촉진구역,,,재건축,서울특별시 강서구 방화동 609-0
원일빌라주택재건축정비사업조합,37.5726046643,126.8157953617,재건축,서울특별시 강서구 방화동 278-7
방화3재정비촉진구역,37.5660047772,126.8081495000,재건축,서울특별시 강서구 방화동 615-103
경남1차주택재건축정비사업,37.5495684043,126.8339203375,재건축,서울특별시 강서구 내발산동 716-20
화곡1 주택재건축정비사업,37.5451201606,126.8389821284,재건축,서울특별시 강서구 화곡동 1027-50
방화5재정비촉진구역 주택재건축 정비사업,37.5642695280,126.8133625684,재건축,서울특별시 강서구 공항동 18
방화동286의1번지 한미아파트 가로주택정비사업,37.5739277603,126.8151528558,가로주택정비,서울특별시 강서구 방화동 286-1
고척동 산업인아파트 주택재건축정비사업,37.5049748037,126.8667788562,재건축,서울특별시 구로구 고척동 57-9
오류동 현대연립 주택재건축 정비사업,37.4894548274,126.8413472184,재건축,서울특별시 구로구 오류동 156-15
구로동 440번지일대(보광아파트) 주택재건축정비구역,,,재건축,서울특별시 구로구 구로동 440-0
개봉동 장미연립 주택재건축정비사업,,,재건축,서울특별시 구로구 개봉동 335-16
대흥.성원.동진빌라주택재건축정비사업,37.4894032871,126.8240998845,재건축,서울특별시 구로구 온수동 45-32
길훈아파트 주택재건축정비사업,37.4836293041,126.8511317311,재건축,서울특별시 구로구 개봉동 312-38
개봉제5 주택재건축 정비사업 조합,,,재건축,서울특별시 구로구 개봉1동 68
개봉3재건축정비사업,37.5010983306,126.8547116760,재건축,서울특별시 구로구 개봉동 454-14
고척제4구역주택재개발조합,,,재개발(주택정비형),서울특별시 구로구 고척동 148
,37.4868041143,126.8846730828,재개발(주택정비형),서울특별시 구로구 구로동 715-24
구로동 칠성아파트 가로주택정비사업,37.4889448144,126.8773340750,가로주택정비,서울특별시 구로구 구로동 685-280
궁동 한양빌라 가로주택정비사업,,,가로주택정비,서울특별시 구로구 궁동 240-0
시흥동 현대아파트 재건축정비사업,37.4535039261,126.9138165891,재건축,서울특별시 금천구 시흥동 220-2
,,,재건축,서울특별시 금천구 가산동 333-222
클린업 임시 홈페이지(사무실 테스트용),,,재건축,서울특별시 금천구 가산동 333-444
시흥동 무지개아파트 일대 재건축 정비사업,37.4566169360,126.8983014595,재건축,서울특별시 금천구 시흥동 109-1
금천구테스트구역재건축2,,,재건축,서울특별시 금천구 가산동 1-1
시흥동 금강연립아파트 재건축사업,,,재건축,서울특별시 금천구 시흥동 791-394042
독산4.5구역 단독주택재건축정비구역,37.4752100995,126.8961165214,재건축,서울특별시 금천구 독산동 147-1
가산1구역 주택재건축정비사업조합설립추진위원회,,,재건축,서울특별시 금천구 가산동 146 
우창연립,37.4777280998,126.8777066159,재건축,서울특별시 금천구 가산동 547-44
삼승아파트 주택재건축,,,재건축,서울특별시 금천구 독산동 966-1
시흥동 남서울 럭키아파트 재건축 예정구역,37.4506553147,126.8989553001,재건축,서울특별시 금천구 시흥동 1002-2
교육용홈페이지1112,,,재개발(주택정비형),서울특별시 금천구 가산동 1222-0
,,,재개발(도시정비형),서울특별시 금천구 가산동 1-3
,,,가로주택정비,서울특별시 금천구 가산동 1
시흥동 817번지 일대 가로주택정비사업,,,가로주택정비,서울특별시 금천구 시흥동 817-0
신길우성2?우창아파트 재건축사업,,,재건축,서울특별시 영등포구 여의대방로5길 6(신길동)
남성아파트,37.5129649425,126.8919558651,재건축,서울특별시 영등포구 문래동2가 35
,37.5242632638,126.9330953380,재건축,서울특별시 영등포구 여의도동 30-2
문래국화아파트 주택재건축정비사업,37.5167344972,126.8928753705,재건축,서울특별시 영등포구 문래동3가 76-1
유원제일2차아파트 주택재건축정비사업,,,재건축,서울특별시 영등포구 선유동2로 56
신길삼성아파트 주택재건축정비사업,,,재건축,서울특별시 영등포구 신길동 4759-0
,37.5231724011,126.9311803213,재건축,서울특별시 영등포구 여의도동 32
대교아파트 주택재건축정비사업,37.5227325488,126.9337308775,재건축,서울특별시 영등포구 여의도동 41
여의도동 28번지 광장아파트 주택재건축정비사업,,,재건축,서울특별시 영등포구 여의도동 28-0
79. 진주아파트 주택재건축정비사업,37.5168775449,126.8849849402,재건축,서울특별시 영등포구 문래동5가 22
,37.5329119286,126.8990483072,재건축,서울특별시 영등포구 당산동5가 7-2
,37.5168775449,126.8849849402,재건축,서울특별시 영등포구 문래동5가 22
양평동 신동아아파트 주택재건축 정비사업,37.5225223856,126.8856956282,재건축,서울특별시 영등포구 양평동1가 20
미성아파트 주택재건축정비사업,37.5210144173,126.9239916344,재건축,서울특별시 영등포구 여의도동 37
유원제일1차아파트 주택재건축정비사업조합,,,재건축,서울특별시 영등포구 국회대로 29길 13
신길13재정비촉진구역,,,재건축,서울특별시 영등포구 신길5동 340-1
목화아파트 주택재건축정비사업조합설립추진위원회,37.5261629794,126.9328532421,재건축,서울특별시 영등포구 여의도동 30
시범아파트,37.5213527337,126.9373260913,재건축,서울특별시 영등포구 여의도동 50
신길10 재정비촉진구역,,,재건축,서울특별시 영등포구 신길동 3590-0
대림3주택재건축정비사업조합,,,재건축,서울특별시 영등포구 대림동 917-49
상아?현대아파트 주택재건축정비사업,37.5304785328,126.9029503521,재건축,서울특별시 영등포구 당산동5가   4-13
여의도시범아파트주택재건축정비사업(신탁방식-한국자산신탁),,,재건축,서울특별시 영등포구 여의도동 50-0
신길역세권 공공임대주택 건립관련 재개발사업,37.5161551362,126.9155166353,재개발(주택정비형),서울특별시 영등포구 신길동 39-3
신길9재정비촉진구역 주택재개발정비사업조합,37.5033347725,126.9110139711,재개발(주택정비형),서울특별시 영등포구 신길동   240-16
신길7재정비촉진구역,,,재개발(주택정비형),서울특별시 영등포구 신길동 1993
영등포구 도림 제16 주택재개발정비구역,,,재개발(주택정비형),서울특별시 영등포구 도림동 162-94
신길제2구역,,,재개발(주택정비형),서울특별시 영등포구 신길동 190-0
신길11재정비촉진구역주택재개발정비사업조합,,,재개발(주택정비형),서울특별시 영등포구 신길동329-94
신길12재정비촉진구역 주택재개발정비사업조합,37.5037202920,126.9082776277,재개발(주택정비형),서울특별시 영등포구 신길동 337-246
신길14재정비촉진구역 주택재개발정비사업 ,,,재개발(주택정비형),서울특별시 영등포구 신길동 347-50
신길3재정비촉진구역주택재개발정비사업,37.5079268228,126.9167196529,재개발(주택정비형),서울특별시 영등포구 신길동   145-40
신길8 재정비촉진구역 주택재개발정비사업,37.5023630577,126.9134658530,재개발(주택정비형),서울특별시 영등포구 신길동   3163
신길5재정비촉진구역,37.5037397100,126.9175043650,재개발(주택정비형),서울특별시 영등포구 신길동 1583-1
,37.5162800177,126.9055291939,재개발(도시정비형),서울특별시 영등포구 영등포동4가 431-6
양평제13구역 도시환경정비사업,37.5246539854,126.8852404346,재개발(도시정비형),서울특별시 영등포구 양평동2가 33-20
영등포 대선제분 일대 재개발1구역 제1지구 재개발사업,37.5179270891,126.9011706568,재개발(도시정비형),서울특별시 영등포구 문래동3가 16-32
영등포1-9 재정비촉진구역,37.5219524405,126.9060675200,재개발(도시정비형),서울특별시 영등포구 영등포동5가 81-1
영등포1-18 재정비촉진구역,37.5198588808,126.9072201178,재개발(도시정비형),서울특별시 영등포구 영등포동5가 6
문래동1?2가 도시환경정비구역,37.5114933860,126.8942044027,재개발(도시정비형),서울특별시 영등포구 문래동1가 70-1
문래동2?3가 도시환경정비사업,37.5134993088,126.8945267623,재개발(도시정비형),서울특별시 영등포구 문래동2가 14-84
문래동4가 도시환경정비구역,37.5150517371,126.8903699636,재개발(도시정비형),서울특별시 영등포구 문래동4가 23-6
영등포1-5 재정비촉진구역,37.5223812209,126.9054944651,재개발(도시정비형),서울특별시 영등포구 영등포동5가 46-4
영등포1-6 재정비촉진구역,37.5221866170,126.9059617957,재개발(도시정비형),서울특별시 영등포구 영등포동5가 64
영등포1-7 재정비촉진구역,37.5222008019,126.9068069205,재개발(도시정비형),서울특별시 영등포구 영등포동5가 49-1
영등포1-12 재정비촉진구역,37.5203574821,126.9061763050,재개발(도시정비형),서울특별시 영등포구 영등포동5가 22-3
영등포1-15 재정비촉진구역,37.5206803571,126.9086483818,재개발(도시정비형),서울특별시 영등포구 영등포동2가 34-4
영등포1-16 재정비촉진구역,37.5202456597,126.9077677059,재개발(도시정비형),서울특별시 영등포구 영등포동5가 34-46
영등포1-17 재정비촉진구역,37.5202102777,126.9083817653,재개발(도시정비형),서울특별시 영등포구 영등포동2가 34-75
영등포1-19 재정비촉진구역,37.5196013836,126.9082702955,재개발(도시정비형),서울특별시 영등포구 영등포동2가 333
영등포1-20 재정비촉진구역,37.5209725089,126.9094109152,재개발(도시정비형),서울특별시 영등포구 영등포동2가 256
영등포1-23 재정비촉진구역,37.5198988504,126.9103245229,재개발(도시정비형),서울특별시 영등포구 영등포동2가 213
영등포1-24 재정비촉진구역,37.5193130960,126.9103081429,재개발(도시정비형),서울특별시 영등포구 영등포동2가 170
영등포1-25 재정비촉진구역,37.5189236500,126.9110993049,재개발(도시정비형),서울특별시 영등포구 영등포동2가 159
,,,재개발(도시정비형),서울특별시 영등포구 영등포동4가 423
영등포1-11 도시환경정비구역,37.5211238649,126.9057112080,재개발(도시정비형),서울특별시 영등포구 영등포동5가 30
영등포1-1 재정비촉진구역,37.5248804898,126.9069430730,재개발(도시정비형),서울특별시 영등포구 영등포동7가 105-7
영등포1-8 재정비촉진구역,37.5219738494,126.9055717893,재개발(도시정비형),서울특별시 영등포구 영등포동5가 38-3
영등포1-10 재정비촉진구역,37.5216518683,126.9068667662,재개발(도시정비형),서울특별시 영등포구 영등포동5가 100
영등포1-14 재정비촉진구역,37.5207760131,126.9077974826,재개발(도시정비형),서울특별시 영등포구 영등포동5가 34-16
영등포1-21 재정비촉진구역,37.5208248493,126.9102564470,재개발(도시정비형),서울특별시 영등포구 영등포동2가 229
영등포1-22 재정비촉진구역,37.5194459168,126.9090291745,재개발(도시정비형),서울특별시 영등포구 영등포동2가 328-11
양평제14구역 도시환경정비사업 ,,,재개발(도시정비형),서울특별시 영등포구 선유서로 25길 5(양평동2가31-2)
,,,재개발(도시정비형),서울특별시 영등포구 당산동3가 410
,,,재개발(도시정비형),서울특별시 영등포구 양평동1가 9-6
양평제12구영도시환경정비사업조합,37.5248255240,126.8867211178,재개발(도시정비형),서울특별시 영등포구 양평동1가 265-1
영등포1의2재정비촉진구역 도시환경정비사업,37.5246602732,126.9055661409,재개발(도시정비형),서울특별시 영등포구 영등포동7가 76-5
영등포1의13구역 도시환경정비사업,37.5215745833,126.9081592827,재개발(도시정비형),서울특별시 영등포구 영등포동5가 32-8
영등포1-4구역 도시환경정비사업,,,재개발(도시정비형),서울특별시 영등포구 영등포동7가 145-8
,37.5224174427,126.8939302664,재개발(도시정비형),서울특별시 영등포구 당산동2가 30-2
동작1주택재건축 정비구역,37.4970012061,126.9813339474,재건축,서울특별시 동작구 동작동 102
사당5주택재건축정비사업,37.4787344935,126.9708969475,재건축,서울특별시 동작구 사당동 303
사당1주택재건축정비사업조합,,,재건축,서울특별시 동작구 사당동 167-19
상도대림아파트 주택재건축정비사업,,,재건축,서울특별시 동작구 상도동 36-1
사당2주택재건축정비사업조합,37.4923356236,126.9624477931,재건축,서울특별시 동작구 사당동 181
사당3주택재건축정비사업구역,37.4920579477,126.9803827246,재건축,서울특별시 동작구 사당동 42
흑석11 재정비촉진구역 주택재개발정비사업,37.5055450411,126.9691467792,재개발(주택정비형),서울특별시 동작구 흑석동   304
흑석8재정비촉진구역 주택재개발정비사업조합,,,재개발(주택정비형),서울특별시 동작구 흑석동 232
노량진7재정비촉진구역,37.5065666099,126.9336597801,재개발(주택정비형),서울특별시 동작구 대방동 13-31
흑석9재정비촉진구역,,,재개발(주택정비형),서울특별시 동작구 흑석동 90
노량진8 재정비촉진구역 주택재개발정비사업조합,37.5114441626,126.9321692392,재개발(주택정비형),서울특별시 동작구 대방동 23-61
노량진6재정비촉진구역,37.5088977323,126.9350337286,재개발(주택정비형),서울특별시 동작구 노량진동 294-220
노량진5 재정비촉진구역 주택재개발정비사업조합,37.5119384569,126.9347341856,재개발(주택정비형),서울특별시 동작구 노량진동 270-3
노량진2재정비촉진구역,37.5074764694,126.9392322471,재개발(주택정비형),서울특별시 동작구 노량진동 312-75
노량진 제3재정비촉진구역,37.5104178250,126.9405224302,재개발(주택정비형),서울특별시 동작구 노량진동 232-19
노량진1재정비촉진구역,37.5118539546,126.9362406247,재개발(주택정비형),서울특별시 동작구 노량진동 278-4
노량진제1주택재개발구역,,,재개발(주택정비형),서울특별시 동작구 노량진동 122-37
흑석1재정비촉진구역,37.5070438472,126.9651195746,재개발(주택정비형),서울특별시 동작구 흑석동   43-7
흑석3재정비 촉진구역,37.5003084465,126.9608270955,재개발(주택정비형),서울특별시 동작구 흑석동   253-89
흑석7재정비촉진구역 주택재개발정비사업조합,,,재개발(주택정비형),158
노량진촉진4구역,37.5077088291,126.9417166666,재개발(주택정비형),서울특별시 동작구 노량진동 227-5
,37.5076017313,126.9621417543,재개발(도시정비형),서울특별시 동작구 흑석동   99-3
신대방역세권 도시정비형 재개발정비사업,37.4895950410,126.9117147088,재개발(도시정비형),서울특별시 동작구 신대방동 600-14
흑석2재정비촉진구역 재개발정비사업 주민대표회의,37.5076017313,126.9621417543,재개발(도시정비형),서울특별시 동작구 흑석동   99-3
사당동 192-1번지일대 신남성연립 가로주택정비사업조합,37.4893324769,126.9641933427,가로주택정비,서울특별시 동작구 사당동 192-1
뉴서울아파트 개나리열망연립 재건축정비사업,,,재건축,서울특별시 관악구 신림동 739-0
미성동 건영아파트 주택재건축정비사업,37.4769808189,126.9121789432,재건축,서울특별시 관악구 신림동 746-43
강남아파트주택재건축정비구역,37.4843410648,126.9039513368,재건축,서울특별시 관악구 신림동 1644
봉천6-1구역 주택재건축정비사업,,,재건축,서울특별시 관악구 봉천6동 63-39
신림동 미성아파트 주택재건축 정비구역,37.4830542191,126.9029277195,재건축,서울특별시 관악구 신림동 1656
,,,재건축,서울특별시 관악구 봉천동 1598-10
,37.4728848474,126.9747245594,재건축,서울특별시 관악구 남현동 1079-13
봉천1-1구역주택재건축정비사업,,,재건축,서울특별시 관악구 봉천동(보라매동) 728-57
신림1재정비촉진구역 주택재개발정비사업,37.4715236558,126.9329083670,재개발(주택정비형),서울특별시 관악구 신림동 808-495
봉천 제14구역 주택재개발정비사업조합설립추진위원회,,,재개발(주택정비형),서울특별시 관악구 봉천3동 1
관악구 봉천동 4-1-3구역 주택재개발 정비사업,37.4897192762,126.9479320458,재개발(주택정비형),서울특별시 관악구 봉천동   480
봉천제12-2구역 주택재개발구역,,,재개발(주택정비형),서울특별시 관악구 봉천동 1553-1
봉천제13구역 주택재개발정비사업,,,재개발(주택정비형),서울특별시 관악구 봉천동 913
봉천 제4-1-2구역 주택재개발정비사업조합,,,재개발(주택정비형),서울특별시 관악구 봉천5-9동 산101
신림3재정비촉진구역,37.4609195339,126.9333297264,재개발(주택정비형),서울특별시 관악구 신림동 316-55
신림2재정비촉진구역 주택재개발정비사업조합 ,37.4656731428,126.9300409503,재개발(주택정비형),서울특별시 관악구 신림동   324-25
봉천 제12-1구역 주택재개발 정비사업조합,,,재개발(주택정비형),서울특별시 관악구 청룡동(봉천8동) 1544-1
방배신동아아파트 재건축정비사업,37.4814657917,127.0005372691,재건축,서울특별시 서초구 방배동 988-1
,37.5007422151,127.0007295483,재건축,서울특별시 서초구 반포동 65-1
강남원효성빌라 주택재건축정비사업,37.4955388407,126.9960929860,재건축,서울특별시 서초구 반포동 591-1
신반포22차(아)주택재건축정비사업,37.5121132554,127.0066549292,재건축,서울특별시 서초구 잠원동 65-33
삼호가든5차아파트 주택재건축정비사업조합,37.5039797873,127.0114476521,재건축,서울특별시 서초구 반포동 30-1
신반포27차아파트 주택재건축정비사업,37.5157991359,127.0097734552,재건축,서울특별시 서초구 잠원동 56-2
신반포16차아파트주택재건축정비사업,37.5177902865,127.0105555758,재건축,서울특별시 서초구 잠원동 55-10
서초중앙하이츠1구역 주택재건축정비사업,37.4797449019,127.0035618135,재건축,서울특별시 서초구 방배동 1000-4
서초중앙하이츠2구역 주택재건축정비사업,37.4797449019,127.0035618135,재건축,서울특별시 서초구 방배동 1000-3
신반포13차아파트 주택재건축정비사업,,,재건축,서울특별시 서초구 잠원동 52-2
신반포4지구 재건축정비사업조합,37.5130353825,127.0127548818,재건축,서울특별시 서초구 잠원동 60-3
방배13구역 주택재건축정비사업,,,재건축,서울특별시 서초구 효령로 14다길 6
신반포21차아파트 주택재건축정비사업,37.5088071957,127.0131486652,재건축,서울특별시 서초구 잠원동 59-10
신반포14차 주택재건축정비사업 조합설립 추진위원회,,,재건축,서울특별시 서초구 잠원동 74
신반포궁전아파트 주택재건축정비사업 조합설립추진위원회,37.5007422151,127.0007295483,재건축,서울특별시 서초구 반포동 65-1
신반포7차아파트주택재건축정비사업,37.5127288106,127.0068451198,재건축,서울특별시 서초구 잠원동 65-32
,37.4965330393,126.9874408473,재건축,서울특별시 서초구 방배동 758-4
방배경남아파트 주택재건축,,,재건축,서울특별시 서초구 방배동 
한신18차아파트 주태재건축정비사업구역(한신24차아파트포함),,,재건축,서울특별시 서초구 잠원동 52
방배 14구역주택재건축 정비구역,37.4812933743,126.9912240593,재건축,서울특별시 서초구 방배동 975-35
신반포18차 337동 주택재건축정비사업,37.5200441281,127.0133980299,재건축,서울특별시 서초구 잠원동 49-17
신반포4차아파트 재건축정비사업조합,37.5100774617,127.0061800475,재건축,서울특별시 서초구 잠원동 70
신반포12차아파트 주택재건축정비사업,,,재건축,서울특별시 서초구 잠원로 14길 41
반포현대아파트주택재건축정비사업,37.5031750196,127.0161139615,재건축,서울특별시 서초구 반포동   30-15
신반포19차아파트주택재건축정비사업,37.5138960402,127.0097174435,재건축,서울특별시 서초구 잠원동 61-2
신반포25차아파트 일대 주택재건축정비사업조합설립추진위원회(예정),37.5153023542,127.0093815680,재건축,서울특별시 서초구 잠원동 61-1
신반포20차아파트 주택재건축정비사업,37.5102235230,127.0110146215,재건축,서울특별시 서초구 잠원동 60-78
신성빌라 주택재건축정비사업 조합설립 추진위원회,37.4747833289,126.9928323015,재건축,서울특별시 서초구 방배동 593-98
서초 신동아아파트 주택재건축정비사업,37.4916286631,127.0242282168,재건축,서울특별시 서초구 서초동 1334
서초진흥아파트 주택재건축정비구역(아파트지구),37.4978709014,127.0220701699,재건축,서울특별시 서초구 서초동 1315
신반포3차 경남아파트 주택재건축 정비사업,,,재건축,서울특별시 서초구 반포동 1-1
신반포15차아파트 주택재건축정비사업,,,재건축,서울특별시 서초구 반포동 12
신반포2차아파트 주택재건축정비구역(아파트지구),37.5116583511,127.0044694313,재건축,서울특별시 서초구 잠원동 73
서초우성1차아파트 주택재건축정비구역(서초아파트지구 3주구),,,재건축,서울특별시 서초구 서초2동 1336 
서초우성3차 주택재건축정비구역(아파트지구),,,재건축,서울특별시 서초구 서초동 1332-1
방배신삼호아파트,37.4976251790,126.9886229789,재건축,서울특별시 서초구 방배동 725
반포우성아파트 재건축정비사업,37.5072326764,127.0030337257,재건축,서울특별시 서초구 잠원동   74-1
방배삼익아파트주택재건축,37.4791152369,127.0008862627,재건축,서울특별시 서초구 방배동 1018-1
삼호가든맨션3차아파트 주택재건축정비사업구역,,,재건축,서울특별시 서초구 반포1동 32-8
삼호가든4차아파트 주택재건축정비사업,,,재건축,서울특별시 서초구 반포동 30-20
우성2차아파트 주택재건축정비구역(서초아파트지구),,,재건축,서울특별시 서초구 서초동 1331
반포주공1단지(124주구) 주택재건축정비사업,37.5052815187,126.9890691181,재건축,서울특별시 서초구 반포동 810
반포경남아파트구역,,,재건축,서울특별시 서초구 반포2동 1-8
방배동 528-3번지 일대,37.4799737228,126.9861650301,재건축,서울특별시 서초구 방배동 528-3
방배6구역주택재건축정비사업조합,,,재건축,서울특별시 서초구 방배4동 818-14 
잠원대림아파트 재건축정비구역,,,재건축,서울특별시 서초구 잠원동 57
방배5구역 주택재건축 정비사업,,,재건축,서울특별시 서초구 방배2동 946-8
신반포5차아파트 주택재건축 정비사업조합,,,재건축,서울특별시 서초구 잠원동 64-8
신반포6차아파트 주택재건축정비구역(아파트지구),,,재건축,서울특별시 서초구 잠원동74-23 
서초삼호1차아파트 주택재건축,,,재건축,서울특별시 서초구 서초동 1311
방배3구역 주택재건축정비사업구역,,,재건축,서울특별시 서초구 방배동 992-1
반포한양아파트 주택재건축 정비사업,,,재건축,서울특별시 서초구 잠원동 66
서초한양아파트 주택재건축정비사업,,,재건축,서울특별시 서초구 반포동 32-5
신반포1차재건축주택조합,,,재건축,서울특별시 서초구 반포동 2-1
방배7구역 주택재건축정비사업,37.4875248659,126.9973836544,재건축,서울특별시 서초구 방배동 891-3
반포아파트(제3주구) 주택재건축정비사업,,,재건축,서울특별시 서초구 반포본동 1109
서초무지개아파트 재건축정비사업,,,재건축,서울특별시 서초구 서초2동 1335
,37.4896779869,127.0208987996,가로주택정비,서울특별시 서초구 서초동   1611-1
,37.4819871453,127.0404061507,가로주택정비,서울특별시 서초구 양재동 18-12
,37.4894851106,127.0050307649,가로주택정비,서울특별시 서초구 서초동 1505-3
압구정아파트지구 특별계획구역① 재건축사업,37.5255813601,127.0201611467,재건축,서울특별시 강남구 압구정동 414
개포택지 개발지구 주공4단지 정비구역,,,재건축,서울특별시 강남구 개포동 189
개포주공6.7단지아파트 재건축정비구역,37.4891406792,127.0708714805,재건축,서울특별시 강남구 개포동 185
개포시영아파트중심상가재건축정비사업,37.4787244449,127.0552383347,재건축,서울특별시 강남구 개포동 656-3
대치동 구마을 제3지구,37.5031391064,127.0600909867,재건축,서울특별시 강남구 대치동 964
,37.4832803381,127.0543931402,재건축,서울특별시 강남구 개포동 653
압구정아파트지구 특별계획구역5  재건축정비사업,,,재건축,서울특별시 강남구 압구정동 490-0
도곡삼호아파트 주택재건축정비사업,37.4937189694,127.0465786171,재건축,서울특별시 강남구 도곡동 540
압구정아파트지구 특별계획구역③ 재건축정비사업,37.5336032834,127.0283258157,재건축,서울특별시 강남구 압구정동 369-1
대성연립주택재건축정비사업조합,37.5085647564,127.0325873298,재건축,서울특별시 강남구 논현동 191-4
대치우성1차아파트 주택재건축정비사업,,,재건축,서울특별시 강남구 대치동 63-0
일원개포한신아파트 재건축사업,37.4915621995,127.0796815522,재건축,서울특별시 강남구 일원동 615-1
개포주공5단지아파트 주택재건축정비사업,37.4889083810,127.0692310259,재건축,서울특별시 강남구 개포동 187
압구정지구 특별계획구역4 주택재건축정비사업,,,재건축,서울특별시 강남구 압구정동 481-0
일원대우아파트주택재건축정비사업조합,37.4898522572,127.0783503213,재건축,서울특별시 강남구 일원동 690-1
도곡동개포5차우성아파트재건축정비구역,37.4862684934,127.0475943249,재건축,서울특별시 강남구 도곡동 463-1
역삼동(758 은하수 760) 주택재건축정비사업,37.4974470278,127.0480217582,재건축,서울특별시 강남구 역삼동 758
,37.5203859293,127.0325795744,재건축,서울특별시 강남구 논현동 62-3
대치쌍용1차아파트 주택재건축사업,37.4988556676,127.0713670519,재건축,서울특별시 강남구 대치동 66
쌍용아파트2차 주택재건축정비사업,37.4999239843,127.0706276718,재건축,서울특별시 강남구 대치동 65
대치제2지구주택재건축정비사업조합,,,재건축,서울특별시 강남구 삼성로72길 49
상아2차아파트 재건축정비구역,37.5174977100,127.0500013521,재건축,서울특별시 강남구 삼성동 19-4
압구정한양7차 주택재건축정비사업,37.5295843048,127.0438605720,재건축,서울특별시 강남구 압구정동 528
홍실아파트 주택재건축,37.5204491755,127.0599597323,재건축,서울특별시 강남구 삼성동 79
개포시영(아)주택재건축정비사업,37.4787244449,127.0552383347,재건축,서울특별시 강남구 개포동 656
은마아파트 주택재건축정비사업 조합설립추진위원회,,,재건축,서울특별시 강남구 대치2동 316
개나리4차아파트주택재건축,,,재건축,서울특별시 강남구 언주로 406
개나리6차(아) 주택재건축정비사업조합,37.5013327562,127.0437177177,재건축,서울특별시 강남구 역삼동 711
청담삼익아파트주택재건축정비사업구역,37.5228266499,127.0592483878,재건축,서울특별시 강남구 청담동 134-15
대치3동 제1지구 재건축정비사업조합,37.5024410089,127.0602645909,재건축,서울특별시 강남구 대치동 963
개포1동 주공아파트 주택재건축 정비사업조합,,,재건축,서울특별시 강남구 개포1동 660
개포럭키아파트 주택재건축정비사업,37.4863010539,127.0461455930,재건축,서울특별시 강남구 도곡동 462
도곡개포한신아파트 주택재건축 정비사업 조합설립 추진위원회,37.4876033476,127.0497550525,재건축,서울특별시 강남구 도곡동 464
도곡삼익아파트 재건축정비구역,37.4912791695,127.0421605615,재건축,서울특별시 강남구 도곡동 869
개포주공3단지주택재건축정비사업,,,재건축,서울특별시 강남구 개포2동 138
압구정아파트지구 특별계획구역② 재건축사업,,,재건축,서울특별시 강남구 압구정동 434-0
가락미륭아파트 재건축정비사업,,,재건축,서울특별시 송파구 가락동 138-0
가락시영아파트 주택재건축 정비구역,,,재건축,서울특별시 송파구 가락동 479-0
삼환가락아파트 주택재건축정비사업조합,,,재건축,서울특별시 송파구 가락동 176-0
,37.5081717528,127.1250574766,재건축,서울특별시 송파구 방이동 217
한양3차아파트 재건축정비사업,,,재건축,서울특별시 송파구 방이동 225-0
가락삼익맨숀 주택재건축정비사업,,,재건축,서울특별시 송파구 송파동 166-0
장미123차아파트 주택재건축정비사업,,,재건축,서울특별시 송파구 신천동 7 11
가락프라자아파트 주택재건축 정비구역,,,재건축,서울특별시 송파구 동남로18길 44(가락동 199)
가락극동아파트 재건축사업,,,재건축,서울특별시 송파구 가락동 192-0
가락1차현대아파트 주택재건축사업,,,재건축,서울특별시 송파구 동남로 160 (문정동 3)
가락상아(1차)아파트 주택재건축 정비사업,,,재건축,서울특별시 송파구 오금동 166-0
잠실우성4차아파트,,,재건축,서울특별시 송파구 잠실본동 320
송파한양2차아파트 주택재건축정비사업조합설립추진위원회,,,재건축,서울특별시 송파구 가락로192(송파동)
문정동 136일대 재건축 정비구역,37.4893963702,127.1332575852,재건축,서울특별시 송파구 문정동 136
송파구 송파동 반도아파트 주택재건축 정비사업,,,재건축,서울특별시 송파구 송파동 167
잠실주공5단지주택재건축정비사업,37.5131381759,127.0930486800,재건축,서울특별시 송파구 잠실동 27
송파동 100번지 주택재건축 정비사업,37.5035295711,127.1156186381,재건축,서울특별시 송파구 송파동 100
오금동 143,37.5005138060,127.1386511653,재건축,서울특별시 송파구 오금동 143
잠실미성크로바아파트주택재건축정비사업조합,37.5186032884,127.1063036913,재건축,서울특별시 송파구 신천동 17-6
잠실진주APT 재건축정비사업,37.5187358661,127.1102889077,재건축,서울특별시 송파구 신천동 20-4
풍납우성아파트주택재건축정비사업,,,재건축,서울특별시 송파구 풍납2동 388-7389
우성아파트 주택재건축정비사업구역,37.5083255540,127.0720278743,재건축,서울특별시 송파구 잠실동 101-1
이화연립 주택재건축정비사업조합,,,재건축,서울특별시 송파구 풍납동 146
송파미성아파트재건축정비사업,37.5059294983,127.1198568602,재건축,서울특별시 송파구 송파동 161
마천1재정비촉진구역 주택재개발정비사업,37.4981337098,127.1536537104,재개발(주택정비형),서울특별시 송파구 마천동 194-1
마천4 재정비촉진구역 주택재개발정비사업조합설립(변경)인가서,,,재개발(주택정비형),서울특별시 송파구 마천동 323 
거여2재정재정비촉진구역1지구 주택재개발 정비사업조합,,,재개발(주택정비형),서울특별시 송파구 거여동 181
거여2-2지구,,,재개발(주택정비형),서울특별시 송파구 거여동 234-0
마천3구역 존치정비구역,,,재개발(주택정비형),서울특별시 송파구 마천동 283
삼익맨숀아파트 재건축사업,,,재건축,서울특별시 강동구 명일동 270-0
길동진흥아파트주택재건축정비구역,37.5344998328,127.1453025227,재건축,서울특별시 강동구 둔촌동 630
삼익그린2차아파트 주택재건축정비사업구역,37.5538092997,127.1470609921,재건축,서울특별시 강동구 명일동 15
천호우성아파트 주택재건축정비사업,37.5501136573,127.1390467269,재건축,서울특별시 강동구 천호동 19-1
고덕2단지아파트 주택재건축정비구역,37.5600131037,127.1637037635,재건축,서울특별시 강동구 고덕동 217
상일동 고덕4단지(아) 주택재건축정비사업,,,재건축,서울특별시 강동구 상일동 134
고덕주공5단지아파트 주택재건축 정비구역,37.5509309412,127.1655960701,재건축,서울특별시 강동구 상일동 131
고덕주공6단지 주택재건축 정비구역,37.5533182082,127.1687882197,재건축,서울특별시 강동구 상일동   124
고덕시영아파트주택재건축정비사업구역,,,재건축,서울특별시 강동구 고덕동 670
둔촌동현대연립주？재건축정비사업조합,37.5291451745,127.1382578324,재건축,서울특별시 강동구 둔촌동 513-16
길동신동아12차아파트주택재건축정비사업,37.5403372132,127.1485739396,재건축,서울특별시 강동구 길동 160
길동신동아3차아파트 주택재건축정비구역,37.5409093249,127.1479461800,재건축,서울특별시 강동구 길동 43
삼익그린맨션아파트 주택재건축정비사업조합,,,재건축,서울특별시 강동구 명일동 309-1
천호동 풍전연립 주택재건축 정비사업조합,37.5476092953,127.1408275358,재건축,서울특별시 강동구 천호동 28-32
,37.5339449792,127.1300948737,재건축,서울특별시 강동구 성내동 209
고덕3단지아파트주택재건축정비사업,37.5566829127,127.1695272594,재건축,서울특별시 강동구 상일동 121
상일동 고덕7단지(아) 주택재건축정비사업,,,재건축,서울특별시 강동구 상일동 187-0
둔촌동 삼익빌라 주택재건축정비사업,,,재건축,서울특별시 강동구 둔촌동 85-2
둔촌주공아파트 주택재건축사업 정비구역,,,재건축,서울특별시 강동구 둔촌1동 170-1
[천호재정비촉진지구]천호3 주택재건축정비사업,37.5426889492,127.1266614714,재건축,서울특별시 강동구 천호동 423-76
성내미주아파트 주택재건축 정비사업,,,재건축,서울특별시 강동구 성내동 547-1
천호2구역 주택재건축정비사업,,,재건축,서울특별시 강동구 천호동 437-5
,37.5310458414,127.1337941501,재건축,서울특별시 강동구 성내동 405-9
삼익파크아파트 재건축사업,37.5447065746,127.1463633750,재건축,서울특별시 강동구 길동 54
천호4촉진구역,37.5391163428,127.1282973273,재개발(도시정비형),서울특별시 강동구 천호동 410-100
천호1구역 도시환경정비사업,37.5414384170,127.1269581146,재개발(도시정비형),서울특별시 강동구 천호동   423-200
,37.5455896732,127.1392612458,가로주택정비,서울특별시 강동구 천호동 39-4
벽산빌라 가로주택정비사업,,,가로주택정비,서울특별시 강동구 상일동 152-0
(가칭)황학동310번지일대 지역주택조합,,,지역주택,서울특별시 중구 황학동 310-0
(가칭)황학동1010일대 지역주택조합,,,지역주택,서울특별시 중구 황학동 1010-0
황학동 청계 지역주택조합,,,지역주택,서울특별시 중구 황학동 2085-0
원효로풍전아파트소규모재건축정비사업조합,37.5326481142,126.9543551305,소규모재건축,서울특별시 용산구 원효로4가 109-4
(가칭)전농지역주택조합,37.5788464505,127.0576805429,지역주택,서울특별시 동대문구 전농동 60-22
,,,지역주택,서울특별시 중랑구 면목동 192
(가칭)용마산역세권지역주택조합,37.5746505607,127.0870174415,지역주택,서울특별시 중랑구 면목동 371-134
,37.6081268219,126.9986869432,소규모재건축,서울특별시 성북구 정릉동 895
동신아파트소규모재건축정비사업,37.6061658165,127.0360454857,소규모재건축,서울특별시 성북구 하월곡동 70-4
(가칭)정릉역지역주택조합,37.6030135546,127.0110455011,지역주택,서울특별시 성북구 정릉동 452-3
대신빌라소규모재건축사업,,,소규모재건축,서울특별시 도봉구 창동 466-0
대명아파트 소규모재건축정비구역,37.6204418425,127.0814073089,소규모재건축,서울특별시 노원구 공릉동 270-71
서강빌라 소규모재건축사업,37.5832514351,126.9492435971,소규모재건축,서울특별시 서대문구 홍제동 90-6
(가칭)등촌지역주택조합,,,지역주택,서울특별시 강서구 등촌동 365-0
지역주택조합,37.5317327755,126.8407936188,지역주택,서울특별시 강서구 화곡동 424-63
,37.5517468791,126.8533432211,지역주택,서울특별시 강서구 화곡동 1133-7
,,,지역주택,서울특별시 강서구 공항동 14
,,,지역주택,서울특별시 강서구 공항동 61-42
,,,지역주택,서울특별시 강서구 공항동 21
월드빌라소규모재건축정비사업,37.4964368619,126.8242551635,소규모재건축,서울특별시 구로구 궁동 236-1
길훈아파트 소규모재건축정비사업,37.4903358086,126.8438318730,소규모재건축,서울특별시 구로구 오류동 150-42
동양연립(궁동) 소규모재건축사업,37.4959109870,126.8308263106,소규모재건축,서울특별시 구로구 궁동 171-1
미래빌라소규모재건축정비사업,37.4930969255,126.8415854618,소규모재건축,서울특별시 구로구 오류동 68-21
석수빌라 소규모 재건축 정비사업(시흥대로36길 61 석수빌라),,,소규모재건축,서울특별시 금천구 시흥동 1004-0
대도연립 소규모재건축사업조합,,,소규모재건축,서울특별시 금천구 시흥대로 73
금천구테스트구역지역주택,,,지역주택,서울특별시 금천구 가산동 1-6
,,,리모델링,서울특별시 금천구 가산동 1-7
당산현대2차아파트 소규모재건축정비사업조합,,,소규모재건축,서울특별시 영등포구 당산동4가 92-0
(가칭)사당2동 지역주택조합 추진위원회,37.4918655930,126.9793853196,지역주택,서울특별시 동작구 사당동 68-8
(가칭)이수지역주택조합 추진위원회,37.4845552751,126.9789302012,지역주택,서울특별시 동작구 사당동 150-10
,37.4864983532,126.9772751129,지역주택,서울특별시 동작구 사당동 161-55
상도스타리움 지역주택조합,37.5031698303,126.9393259545,지역주택,서울특별시 동작구 상도동   182-13
(가칭)상도메트로타운 지역주택조합 추진위원회,37.5012854851,126.9483268847,지역주택,서울특별시 동작구 상도동 159-52
(가칭)장승배기역 지역주택조합 추진위원회,37.5053614152,126.9372692284,지역주택,서울특별시 동작구 상도동 363-117
,37.4877626045,126.9593181241,지역주택,서울특별시 관악구 봉천동 14-120
(가칭)신림지역주택조합 추진위원회,37.4795481065,126.9141984470,지역주택,서울특별시 관악구 신림동 1480-1
,37.4815742938,127.0076988333,지역주택,서울특별시 서초구 서초동 1478-12
,37.5173027060,127.0110744821,리모델링,서울특별시 서초구 잠원동 54
,37.4991655524,127.0102513469,리모델링,서울특별시 서초구 반포동 46
가락현대5차아파트 소규모재건축정비사업구역,37.4991254877,127.1313619850,소규모재건축,서울특별시 송파구 가락동 161-3
,37.5043445029,127.1071428883,지역주택,서울특별시 송파구 석촌동 287
지역주택조합,,,지역주택,서울특별시 송파구 거여동 6-0
,37.4953898048,127.1414477231,지역주택,서울특별시 송파구 거여동 17-9
,37.5035295711,127.1156186381,지역주택,서울특별시 송파구 송파동 100
,37.4987865607,127.1230491047,지역주택,서울특별시 송파구 가락동 39
,37.5000271117,127.1242956914,지역주택,서울특별시 송파구 가락동 32
